<?xml version="1.0" encoding="UTF-8"?>
<project-private xmlns="http://www.netbeans.org/ns/project-private/1">
    <editor-bookmarks xmlns="http://www.netbeans.org/ns/editor-bookmarks/2" lastBookmarkId="0"/>
    <open-files xmlns="http://www.netbeans.org/ns/projectui-open-files/2">
        <group name="AD"/>
        <group>
            <file>file:/home/alumne/ws/2022-2023/DAM2-M06/UF1/NF2-Streams/XML-DOM/CompanyStaffDomAp/src/xmlstaffdom/CompanyStaffDomApp.java</file>
            <file>file:/home/alumne/ws/2022-2023/DAM2-M06/UF1/NF2-Streams/XML-DOM/CompanyStaffDomAp/resources/staff.xml</file>
            <file>file:/home/alumne/ws/2022-2023/DAM2-M06/UF1/NF2-Streams/XML-DOM/CompanyStaffDomAp/src/xmlstaffdom/model/Company.java</file>
            <file>file:/home/alumne/ws/2022-2023/DAM2-M06/UF1/NF2-Streams/XML-DOM/CompanyStaffDomAp/src/xmlstaffdom/model/persistence/CompanyXmlDomPersist.java</file>
        </group>
    </open-files>
</project-private>
