<?xml version="1.0" encoding="UTF-8"?>
<project-private xmlns="http://www.netbeans.org/ns/project-private/1">
    <editor-bookmarks xmlns="http://www.netbeans.org/ns/editor-bookmarks/2" lastBookmarkId="0"/>
    <open-files xmlns="http://www.netbeans.org/ns/projectui-open-files/2">
        <group name="Practica Pt1 Fitxers">
            <file>file:/C:/Users/mabardaji/Downloads/categproductModificat/categproduct/src/cat/proven/categprods/MainMenu.java</file>
        </group>
        <group name="examenuf6">
            <file>file:/C:/Users/usuari/Downloads/examenuf6/categproduct/src/cat/proven/categprods/model/persist/CategoryDao.java</file>
            <file>file:/C:/Users/usuari/Downloads/examenuf6/categproduct/src/cat/proven/categprods/model/persist/DbConnect.java</file>
            <file>file:/C:/Users/usuari/Downloads/examenuf6/categproduct/src/cat/proven/categprods/CategProdUI.java</file>
        </group>
        <group/>
    </open-files>
</project-private>
