<?xml version="1.0" encoding="UTF-8"?>
<project-private xmlns="http://www.netbeans.org/ns/project-private/1">
    <editor-bookmarks xmlns="http://www.netbeans.org/ns/editor-bookmarks/2" lastBookmarkId="1">
        <file>
            <url>src/cat/proven/storejpa/Tester.java</url>
            <bookmark id="1">
                <name/>
                <line>14</line>
                <key/>
            </bookmark>
        </file>
    </editor-bookmarks>
    <open-files xmlns="http://www.netbeans.org/ns/projectui-open-files/2">
        <group>
            <file>file:/home/alumne/ws/2022-2023/DAM2-M06/UF2/NF2/storejpa_20221217/StoreJPA/src/cat/proven/storejpa/model/StoreModel.java</file>
            <file>file:/home/alumne/ws/2022-2023/DAM2-M06/UF2/NF2/storejpa_20221217/StoreJPA/src/cat/proven/storejpa/StoreJPATester.java</file>
        </group>
    </open-files>
</project-private>
