<?xml version="1.0" encoding="UTF-8"?>
<project-private xmlns="http://www.netbeans.org/ns/project-private/1">
    <editor-bookmarks xmlns="http://www.netbeans.org/ns/editor-bookmarks/2" lastBookmarkId="0"/>
    <open-files xmlns="http://www.netbeans.org/ns/projectui-open-files/2">
        <group name="daw2-m14">
            <file>file:/media/mati/jdata/ws/dam-m06/122/RealEstateDomGui/RealEstate.xml</file>
            <file>file:/media/mati/jdata/ws/dam-m06/122/RealEstateDomGui/src/cat/proven/realestatedomgui/model/persist/DomXmlPersist.java</file>
            <file>file:/media/mati/jdata/ws/dam-m06/122/RealEstateDomGui/src/cat/proven/realestatedomgui/model/Estate.java</file>
            <file>file:/media/mati/jdata/ws/dam-m06/122/RealEstateDomGui/src/cat/proven/realestatedomgui/Main.java</file>
        </group>
    </open-files>
</project-private>
