<?xml version="1.0" encoding="UTF-8"?>
<project-private xmlns="http://www.netbeans.org/ns/project-private/1">
    <editor-bookmarks xmlns="http://www.netbeans.org/ns/editor-bookmarks/2" lastBookmarkId="0"/>
    <open-files xmlns="http://www.netbeans.org/ns/projectui-open-files/2">
        <group>
            <file>file:/J:/j1/workspaces/ws_2023-24/damm06/22/storejpa/src/cat/proven/storejpa/StoreJPAMain.java</file>
            <file>file:/J:/j1/workspaces/ws_2023-24/damm06/22/storejpa/src/cat/proven/storejpa/model/StoreService.java</file>
        </group>
    </open-files>
</project-private>
