<?xml version="1.0" encoding="UTF-8"?>
<company>
    <staff nif="1A">
        <firstname>Peter</firstname>
        <lastname>Johnson</lastname>
        <nickname>pjohnson</nickname>
        <salary>1000.0</salary>
        <address>
            <street>A. Diagonal</street>
            <number>100</number>
        </address>
    </staff>
    <staff nif="2B">
        <firstname>Mary</firstname>
        <lastname>Anderson</lastname>
        <nickname>manderson</nickname>
        <salary>2000.0</salary>
    </staff>
    <staff nif="3B">
        <firstname>Lucas</firstname>
        <lastname>Morgan</lastname>
        <nickname> </nickname>
        <salary>1500.0</salary>
    </staff>
</company>
